-- this file inserts dummy data in the database
USE `IronGate`;

INSERT INTO `Genders`(`ID`, `Name`)
VALUES (0, 'Male'),
    (1, 'Female');

INSERT INTO `Persons`(
        `DocumentID`,
        `Name`,
        `Surname`,
        `Birthday`,
        `BirthPlace`,
        `GenderID`
    )
VALUES -- male b1
    (
        'IT-ABC12345A',
        'Luca',
        'Bianchi',
        '1980-05-12',
        'Rome',
        0
    ),
    (
        'US-987654321',
        'John',
        'Smith',
        '1975-11-23',
        'New York',
        0
    ),
    (
        'BR-345678901',
        'Carlos',
        'Silva',
        '1982-01-10',
        'Sao Paulo',
        0
    ),
    (
        'ES-456789012',
        'Miguel',
        'Garcia',
        '1979-09-05',
        'Madrid',
        0
    ),
    (
        'IT-GHI34567C',
        'Marco',
        'Verdi',
        '1978-06-09',
        'Naples',
        0
    ),
    (
        'AU-345678912',
        'Jack',
        'Brown',
        '1984-03-27',
        'Sydney',
        0
    ),
    (
        'IT-JKL90123D',
        'Paolo',
        'Neri',
        '1986-11-19',
        'Turin',
        0
    ),
    (
        'US-234567890',
        'Robert',
        'Williams',
        '1977-05-25',
        'Los Angeles',
        0
    ),
    (
        'IN-456789013',
        'Raj',
        'Patel',
        '1981-12-05',
        'Mumbai',
        0
    ),
    (
        'CN-567890124',
        'Li',
        'Wei',
        '1993-02-21',
        'Beijing',
        0
    ),
    (
        'ZA-678901235',
        'Thabo',
        'Nkosi',
        '1986-07-14',
        'Johannesburg',
        0
    ),
    (
        'IT-MNO23456E',
        'Simone',
        'Conti',
        '1985-03-12',
        'Florence',
        0
    ),
    (
        'US-345678902',
        'Michael',
        'Brown',
        '1983-01-19',
        'Boston',
        0
    ),
    (
        'DE-456789013',
        'Stefan',
        'Müller',
        '1979-04-25',
        'Hamburg',
        0
    ),
    (
        'JP-789012346',
        'Haruto',
        'Sato',
        '1991-11-03',
        'Osaka',
        0
    ),
    (
        'CA-345678902',
        'Noah',
        'Wilson',
        '1984-05-27',
        'Toronto',
        0
    ),
    (
        'IT-PQR56789F',
        'Davide',
        'Ricci',
        '1982-02-11',
        'Venice',
        0
    ),
    (
        'GB-678901235',
        'George',
        'Evans',
        '1978-10-05',
        'Manchester',
        0
    ),
    (
        'FR-345678902',
        'Julien',
        'Moreau',
        '1985-03-18',
        'Marseille',
        0
    ),
    (
        'BR-678901235',
        'Pedro',
        'Alves',
        '1981-09-23',
        'Brasilia',
        0
    ),
    (
        'US-567890124',
        'William',
        'Moore',
        '1980-08-20',
        'Houston',
        0
    ),
    (
        'AU-567890124',
        'Liam',
        'Harris',
        '1982-03-09',
        'Perth',
        0
    ),
    (
        'ES-678901235',
        'Javier',
        'Lopez',
        '1985-12-28',
        'Seville',
        0
    ),
    (
        'DE-678901235',
        'Jonas',
        'Becker',
        '1988-09-02',
        'Stuttgart',
        0
    ),
    (
        'BR-789012346',
        'Gabriel',
        'Costa',
        '1990-10-17',
        'Salvador',
        0
    ),
    (
        'JP-901234568',
        'Ren',
        'Kobayashi',
        '1986-02-24',
        'Nagoya',
        0
    ),
    (
        'CA-567890124',
        'Benjamin',
        'Dubois',
        '1989-12-03',
        'Ottawa',
        0
    ),
    (
        'ES-789012346',
        'Diego',
        'Ruiz',
        '1987-04-27',
        'Valencia',
        0
    ),
    (
        'IT-BCD23456J',
        'Federico',
        'Lombardi',
        '1983-08-19',
        'Pisa',
        0
    ),
    (
        'SE-123456789',
        'Erik',
        'Johansson',
        '1985-01-15',
        'Stockholm',
        0
    ),
    (
        'FI-345678901',
        'Mikko',
        'Virtanen',
        '1982-07-09',
        'Helsinki',
        0
    ),
    (
        'PL-567890123',
        'Jan',
        'Kowalski',
        '1987-05-18',
        'Warsaw',
        0
    ),
    (
        'PT-789012345',
        'João',
        'Silva',
        '1984-12-12',
        'Lisbon',
        0
    ),
    (
        'CH-901234567',
        'Luca',
        'Müller',
        '1986-08-27',
        'Zurich',
        0
    ),
    (
        'BE-123450987',
        'Lucas',
        'Dupont',
        '1983-06-19',
        'Brussels',
        0
    ),
    (
        'HU-345672109',
        'Gabor',
        'Nagy',
        '1980-09-07',
        'Budapest',
        0
    ),
    (
        'SK-567894321',
        'Peter',
        'Horvath',
        '1985-05-11',
        'Bratislava',
        0
    ),
    (
        'BG-789016543',
        'Georgi',
        'Ivanov',
        '1982-03-29',
        'Sofia',
        0
    ),
    (
        'RS-901238765',
        'Marko',
        'Jovanovic',
        '1989-11-05',
        'Belgrade',
        0
    ),
    (
        'TR-123450987',
        'Ahmet',
        'Yilmaz',
        '1983-04-17',
        'Istanbul',
        0
    ),
    (
        'SA-345672109',
        'Fahad',
        'Al Saud',
        '1986-10-02',
        'Riyadh',
        0
    ),
    (
        'KR-567894321',
        'Min-jun',
        'Kim',
        '1984-02-08',
        'Seoul',
        0
    ),
    (
        'TH-789016543',
        'Nattapong',
        'Sukhum',
        '1981-05-15',
        'Bangkok',
        0
    ),
    (
        'ID-901238765',
        'Budi',
        'Santoso',
        '1985-03-03',
        'Jakarta',
        0
    ),
    (
        'VN-123450987',
        'Quang',
        'Nguyen',
        '1982-12-29',
        'Hanoi',
        0
    ),
    (
        'MX-345672109',
        'Carlos',
        'Hernandez',
        '1983-01-25',
        'Mexico City',
        0
    ),
    (
        'CL-567894321',
        'Diego',
        'Torres',
        '1986-04-20',
        'Santiago',
        0
    ),
    (
        'PE-789016543',
        'Jose',
        'Perez',
        '1984-10-07',
        'Lima',
        0
    ),
    (
        'DZ-901238765',
        'Youssef',
        'Benkirane',
        '1987-05-23',
        'Algiers',
        0
    ),
    (
        'NG-123450987',
        'Chinedu',
        'Okafor',
        '1981-12-04',
        'Lagos',
        0
    ),
    -- female b1
    (
        'GH-345672109',
        'Kwame',
        'Mensah',
        '1985-06-02',
        'Accra',
        1
    ),
    (
        'TZ-567894321',
        'Juma',
        'Musa',
        '1983-09-15',
        'Dar es Salaam',
        1
    ),
    (
        'ZW-789016543',
        'Tendai',
        'Chirwa',
        '1982-05-19',
        'Harare',
        1
    ),
    (
        'FR-123456789',
        'Marie',
        'Dubois',
        '1988-03-15',
        'Paris',
        1
    ),
    (
        'DE-234567890',
        'Anna',
        'Schmidt',
        '1990-07-30',
        'Berlin',
        1
    ),
    (
        'GB-567890123',
        'Emily',
        'Clark',
        '1992-12-01',
        'London',
        1
    ),
    (
        'JP-678901234',
        'Yuki',
        'Tanaka',
        '1985-04-18',
        'Tokyo',
        1
    ),
    (
        'IT-DEF67890B',
        'Giulia',
        'Rossi',
        '1983-08-22',
        'Milan',
        1
    ),
    (
        'US-123456789',
        'Alice',
        'Johnson',
        '1987-02-14',
        'Chicago',
        1
    ),
    (
        'CA-234567891',
        'Sophie',
        'Martin',
        '1991-10-11',
        'Montreal',
        1
    ),
    (
        'RU-345678900',
        'Olga',
        'Ivanova',
        '1989-09-17',
        'Moscow',
        1
    ),
    (
        'EG-789012346',
        'Fatima',
        'Hassan',
        '1990-10-30',
        'Cairo',
        1
    ),
    (
        'FR-234567891',
        'Claire',
        'Leroy',
        '1992-06-08',
        'Lyon',
        1
    ),
    (
        'BR-567890124',
        'Fernanda',
        'Oliveira',
        '1987-08-16',
        'Rio de Janeiro',
        1
    ),
    (
        'AU-456789013',
        'Olivia',
        'Taylor',
        '1988-09-14',
        'Melbourne',
        1
    ),
    (
        'ES-567890124',
        'Lucia',
        'Martinez',
        '1990-12-22',
        'Barcelona',
        1
    ),
    (
        'US-456789013',
        'Jessica',
        'Davis',
        '1986-07-29',
        'San Francisco',
        1
    ),
    (
        'DE-567890124',
        'Laura',
        'Fischer',
        '1993-06-12',
        'Frankfurt',
        1
    ),
    (
        'JP-890123457',
        'Sakura',
        'Yamamoto',
        '1989-01-07',
        'Kyoto',
        1
    ),
    (
        'IT-STU89012G',
        'Alessia',
        'Greco',
        '1994-04-15',
        'Genoa',
        1
    ),
    (
        'CA-456789013',
        'Emma',
        'Lefevre',
        '1987-11-30',
        'Vancouver',
        1
    ),
    (
        'IT-VWX12345H',
        'Chiara',
        'Romano',
        '1991-05-06',
        'Bologna',
        1
    ),
    (
        'FR-456789013',
        'Manon',
        'Simon',
        '1983-07-13',
        'Nice',
        1
    ),
    (
        'IT-YZA45678I',
        'Martina',
        'Barbieri',
        '1984-06-21',
        'Palermo',
        1
    ),
    (
        'US-678901235',
        'Sophia',
        'Martinez',
        '1992-09-11',
        'Miami',
        1
    ),
    (
        'AU-678901235',
        'Charlotte',
        'Walker',
        '1981-01-16',
        'Brisbane',
        1
    ),
    (
        'NO-234567890',
        'Ingrid',
        'Larsen',
        '1990-03-22',
        'Oslo',
        1
    ),
    (
        'DK-456789012',
        'Freja',
        'Nielsen',
        '1993-11-30',
        'Copenhagen',
        1
    ),
    (
        'GR-678901234',
        'Eleni',
        'Papadopoulos',
        '1989-09-25',
        'Athens',
        1
    ),
    (
        'IE-890123456',
        'Aoife',
        'Murphy',
        '1991-04-03',
        'Dublin',
        1
    ),
    (
        'AT-012345678',
        'Anna',
        'Gruber',
        '1992-10-14',
        'Vienna',
        1
    ),
    (
        'NL-234561098',
        'Sanne',
        'Jansen',
        '1988-02-28',
        'Amsterdam',
        1
    ),
    (
        'CZ-456783210',
        'Tereza',
        'Novak',
        '1994-01-23',
        'Prague',
        1
    ),
    (
        'RO-678905432',
        'Andreea',
        'Popescu',
        '1990-12-16',
        'Bucharest',
        1
    ),
    (
        'HR-890127654',
        'Ivana',
        'Kovacic',
        '1987-07-21',
        'Zagreb',
        1
    ),
    (
        'UA-012349876',
        'Olena',
        'Shevchenko',
        '1991-08-13',
        'Kyiv',
        1
    ),
    (
        'IL-234561098',
        'Noa',
        'Levi',
        '1992-06-25',
        'Tel Aviv',
        1
    ),
    (
        'AE-456783210',
        'Aisha',
        'Al Mansoori',
        '1988-12-19',
        'Dubai',
        1
    ),
    (
        'SG-678905432',
        'Mei',
        'Lim',
        '1993-09-27',
        'Singapore',
        1
    ),
    (
        'MY-890127654',
        'Aisyah',
        'Binti Ahmad',
        '1987-11-22',
        'Kuala Lumpur',
        1
    ),
    (
        'PH-012349876',
        'Maria',
        'Reyes',
        '1990-07-18',
        'Manila',
        1
    ),
    (
        'NZ-234561098',
        'Sophie',
        'Williams',
        '1991-09-10',
        'Auckland',
        1
    ),
    (
        'AR-456783210',
        'Valentina',
        'Gomez',
        '1988-06-14',
        'Buenos Aires',
        1
    ),
    (
        'CO-678905432',
        'Camila',
        'Rodriguez',
        '1992-08-31',
        'Bogota',
        1
    ),
    (
        'VE-890127654',
        'Gabriela',
        'Fernandez',
        '1989-02-12',
        'Caracas',
        1
    ),
    (
        'MA-012349876',
        'Salma',
        'El Amrani',
        '1993-03-16',
        'Casablanca',
        1
    ),
    (
        'KE-234561098',
        'Amina',
        'Mohamed',
        '1986-08-28',
        'Nairobi',
        1
    ),
    (
        'ET-456783210',
        'Hana',
        'Abebe',
        '1990-11-09',
        'Addis Ababa',
        1
    ),
    (
        'UG-678905432',
        'Grace',
        'Nabwire',
        '1988-01-30',
        'Kampala',
        1
    ),
    (
        'CM-890127654',
        'Estelle',
        'Ngono',
        '1991-07-24',
        'Yaounde',
        1
    ),
    -- male b2
    (
        'US-111223333',
        'Ethan',
        'Baker',
        '1987-03-12',
        'Chicago',
        0
    ),
    (
        'CA-222334444',
        'Logan',
        'Martin',
        '1989-07-21',
        'Vancouver',
        0
    ),
    (
        'GB-333445555',
        'Oliver',
        'Wright',
        '1985-11-30',
        'Liverpool',
        0
    ),
    (
        'DE-444556666',
        'Leon',
        'Schneider',
        '1990-01-15',
        'Munich',
        0
    ),
    (
        'FR-555667777',
        'Lucas',
        'Bernard',
        '1988-09-18',
        'Lille',
        0
    ),
    (
        'IT-666778888',
        'Matteo',
        'Gallo',
        '1986-05-22',
        'Turin',
        0
    ),
    (
        'ES-777889999',
        'Adrian',
        'Moreno',
        '1991-10-09',
        'Bilbao',
        0
    ),
    (
        'PT-888990000',
        'Tiago',
        'Ferreira',
        '1984-12-27',
        'Porto',
        0
    ),
    (
        'NL-999001111',
        'Daan',
        'De Vries',
        '1987-08-14',
        'Rotterdam',
        0
    ),
    (
        'BE-101112131',
        'Milan',
        'Peeters',
        '1989-04-03',
        'Antwerp',
        0
    ),
    (
        'SE-121314151',
        'William',
        'Andersson',
        '1985-06-19',
        'Gothenburg',
        0
    ),
    (
        'FI-131415161',
        'Elias',
        'Laine',
        '1992-02-25',
        'Espoo',
        0
    ),
    (
        'PL-141516171',
        'Kacper',
        'Nowak',
        '1988-12-11',
        'Gdansk',
        0
    ),
    (
        'RU-151617181',
        'Ivan',
        'Petrov',
        '1986-09-07',
        'Saint Petersburg',
        0
    ),
    (
        'UA-161718191',
        'Dmytro',
        'Koval',
        '1991-03-29',
        'Dnipro',
        0
    ),
    (
        'RO-171819202',
        'Andrei',
        'Ionescu',
        '1987-07-16',
        'Cluj',
        0
    ),
    (
        'BG-181920212',
        'Nikolay',
        'Dimitrov',
        '1989-05-24',
        'Varna',
        0
    ),
    (
        'GR-192021222',
        'Nikos',
        'Georgiou',
        '1985-10-13',
        'Patras',
        0
    ),
    (
        'TR-202122232',
        'Emre',
        'Demir',
        '1990-08-02',
        'Izmir',
        0
    ),
    (
        'IL-212223242',
        'Amit',
        'Cohen',
        '1988-11-05',
        'Haifa',
        0
    ),
    (
        'EG-222324252',
        'Omar',
        'Ali',
        '1986-04-18',
        'Alexandria',
        0
    ),
    (
        'ZA-232425262',
        'Sipho',
        'Zulu',
        '1992-01-27',
        'Durban',
        0
    ),
    (
        'NG-242526272',
        'Ifeanyi',
        'Eze',
        '1987-09-30',
        'Abuja',
        0
    ),
    (
        'KE-252627282',
        'Brian',
        'Otieno',
        '1989-12-15',
        'Mombasa',
        0
    ),
    (
        'IN-262728293',
        'Aarav',
        'Sharma',
        '1991-06-22',
        'Delhi',
        0
    ),
    -- female b2
    (
        'US-333221111',
        'Ava',
        'Miller',
        '1988-02-14',
        'San Diego',
        1
    ),
    (
        'CA-444332222',
        'Mia',
        'Clark',
        '1990-08-19',
        'Calgary',
        1
    ),
    (
        'GB-555443333',
        'Ella',
        'Walker',
        '1986-12-23',
        'Bristol',
        1
    ),
    (
        'DE-666554444',
        'Lina',
        'Neumann',
        '1987-05-28',
        'Dresden',
        1
    ),
    (
        'FR-777665555',
        'Camille',
        'Dubois',
        '1992-09-11',
        'Toulouse',
        1
    ),
    (
        'IT-888776666',
        'Sara',
        'Fontana',
        '1989-03-17',
        'Parma',
        1
    ),
    (
        'ES-999887777',
        'Carmen',
        'Serrano',
        '1985-07-05',
        'Granada',
        1
    ),
    (
        'PT-000998888',
        'Beatriz',
        'Sousa',
        '1991-11-29',
        'Coimbra',
        1
    ),
    (
        'NL-111009999',
        'Julia',
        'Bakker',
        '1987-01-13',
        'Utrecht',
        1
    ),
    (
        'BE-121110101',
        'Fleur',
        'Jacobs',
        '1988-10-21',
        'Ghent',
        1
    ),
    (
        'SE-131211111',
        'Agnes',
        'Lindberg',
        '1990-06-08',
        'Uppsala',
        1
    ),
    (
        'FI-141312121',
        'Aino',
        'Heikkinen',
        '1986-03-26',
        'Tampere',
        1
    ),
    (
        'PL-151413131',
        'Zuzanna',
        'Wojcik',
        '1989-12-02',
        'Krakow',
        1
    ),
    (
        'RU-161514141',
        'Anastasia',
        'Smirnova',
        '1992-04-16',
        'Kazan',
        1
    ),
    (
        'UA-171615151',
        'Olena',
        'Bondarenko',
        '1987-08-31',
        'Lviv',
        1
    ),
    (
        'RO-181716161',
        'Ioana',
        'Pop',
        '1985-11-27',
        'Timisoara',
        1
    ),
    (
        'BG-191817171',
        'Elena',
        'Ivanova',
        '1991-02-20',
        'Plovdiv',
        1
    ),
    (
        'GR-201918181',
        'Maria',
        'Nikolaou',
        '1988-07-15',
        'Heraklion',
        1
    ),
    (
        'TR-212019191',
        'Zeynep',
        'Kaya',
        '1990-05-03',
        'Bursa',
        1
    ),
    (
        'IL-222120202',
        'Noa',
        'Levy',
        '1986-09-18',
        'Eilat',
        1
    ),
    (
        'EG-232221212',
        'Salma',
        'Mahmoud',
        '1989-01-09',
        'Giza',
        1
    ),
    (
        'ZA-242322222',
        'Lerato',
        'Mokoena',
        '1992-03-12',
        'Pretoria',
        1
    ),
    (
        'NG-252423232',
        'Ngozi',
        'Okeke',
        '1987-06-25',
        'Ibadan',
        1
    ),
    (
        'KE-262524242',
        'Faith',
        'Mwangi',
        '1991-12-30',
        'Kisumu',
        1
    ),
    (
        'IN-272625252',
        'Priya',
        'Reddy',
        '1988-05-07',
        'Bangalore',
        1
    );

INSERT INTO `SecurityLevels`(`ID`, `Name`)
VALUES (0, 'Low'),
    (1, 'Medium'),
    (2, 'High'),
    (3, 'Maximum');

INSERT INTO `Sectors`(
        `ID`,
        `Name`,
        `GenderID`,
        `SecurityLevelID`
    )
VALUES (
        'SCT-8f5cbeb8-946d-45a2-9a74-a5711f2dfdf0',
        'Main - Male',
        0,
        0
    ),
    (
        'SCT-fdc8350b-c31d-489b-ae98-3f3ee36e3343',
        'Main - Female',
        1,
        0
    ),
    (
        'SCT-6c51df3f-f94c-4194-8fd4-2160194e0cd9',
        'Priority - Male',
        0,
        1
    ),
    (
        'SCT-afb7d3aa-29f3-4bb4-9275-648e30beb1df',
        'Priority - Female',
        1,
        1
    ),
    (
        'SCT-43ea64e9-4da7-4664-9fcd-0adbba6a30ce',
        'High risk - Male',
        0,
        2
    ),
    (
        'SCT-232ab27c-e7ea-4aee-b863-a7a369c609e7',
        'High risk - Female',
        1,
        2
    ),
    (
        'SCT-1dfb25b9-d643-45b1-b25d-db8a53bef961',
        'Isolation - Male',
        0,
        3
    ),
    (
        'SCT-2b1d0279-02a5-4ffa-a341-ce70af166dcc',
        'Isolation - Female',
        1,
        3
    );

INSERT INTO `Cells`(`SectorID`, `Number`, `Capacity`)
VALUES ('SCT-8f5cbeb8-946d-45a2-9a74-a5711f2dfdf0', 1, 4),
    ('SCT-8f5cbeb8-946d-45a2-9a74-a5711f2dfdf0', 2, 4),
    ('SCT-8f5cbeb8-946d-45a2-9a74-a5711f2dfdf0', 3, 4),
    ('SCT-8f5cbeb8-946d-45a2-9a74-a5711f2dfdf0', 4, 4),
    ('SCT-8f5cbeb8-946d-45a2-9a74-a5711f2dfdf0', 5, 4),
    ('SCT-8f5cbeb8-946d-45a2-9a74-a5711f2dfdf0', 6, 4),
    ('SCT-8f5cbeb8-946d-45a2-9a74-a5711f2dfdf0', 7, 4),
    ('SCT-8f5cbeb8-946d-45a2-9a74-a5711f2dfdf0', 8, 4),
    ('SCT-fdc8350b-c31d-489b-ae98-3f3ee36e3343', 1, 4),
    ('SCT-fdc8350b-c31d-489b-ae98-3f3ee36e3343', 2, 4),
    ('SCT-fdc8350b-c31d-489b-ae98-3f3ee36e3343', 3, 4),
    ('SCT-fdc8350b-c31d-489b-ae98-3f3ee36e3343', 4, 4),
    ('SCT-fdc8350b-c31d-489b-ae98-3f3ee36e3343', 5, 4),
    ('SCT-fdc8350b-c31d-489b-ae98-3f3ee36e3343', 6, 4),
    ('SCT-fdc8350b-c31d-489b-ae98-3f3ee36e3343', 7, 4),
    ('SCT-fdc8350b-c31d-489b-ae98-3f3ee36e3343', 8, 4),
    ('SCT-6c51df3f-f94c-4194-8fd4-2160194e0cd9', 1, 3),
    ('SCT-6c51df3f-f94c-4194-8fd4-2160194e0cd9', 2, 3),
    ('SCT-6c51df3f-f94c-4194-8fd4-2160194e0cd9', 3, 3),
    ('SCT-6c51df3f-f94c-4194-8fd4-2160194e0cd9', 4, 3),
    ('SCT-6c51df3f-f94c-4194-8fd4-2160194e0cd9', 5, 3),
    ('SCT-afb7d3aa-29f3-4bb4-9275-648e30beb1df', 1, 3),
    ('SCT-afb7d3aa-29f3-4bb4-9275-648e30beb1df', 2, 3),
    ('SCT-afb7d3aa-29f3-4bb4-9275-648e30beb1df', 3, 3),
    ('SCT-afb7d3aa-29f3-4bb4-9275-648e30beb1df', 4, 3),
    ('SCT-afb7d3aa-29f3-4bb4-9275-648e30beb1df', 5, 3),
    ('SCT-43ea64e9-4da7-4664-9fcd-0adbba6a30ce', 1, 2),
    ('SCT-43ea64e9-4da7-4664-9fcd-0adbba6a30ce', 2, 2),
    ('SCT-232ab27c-e7ea-4aee-b863-a7a369c609e7', 1, 2),
    ('SCT-232ab27c-e7ea-4aee-b863-a7a369c609e7', 2, 2),
    ('SCT-1dfb25b9-d643-45b1-b25d-db8a53bef961', 1, 1),
    ('SCT-2b1d0279-02a5-4ffa-a341-ce70af166dcc', 1, 1);

INSERT INTO `Inmates`(
        `Number`,
        `DocumentID`,
        `IncarcerationDate`,
        `SentenceDuration`,
        `CriminalRecord`,
        `CellSectorID`,
        `CellNumber`
    )
VALUES -- male b1
    (
        '72-733-3969',
        'IT-ABC12345A',
        '2020-03-06',
        200,
        'Forgery',
        'SCT-8f5cbeb8-946d-45a2-9a74-a5711f2dfdf0',
        1
    ),
    (
        '83-628-8300',
        'US-987654321',
        '2000-06-05',
        53,
        'Manslaughter',
        'SCT-8f5cbeb8-946d-45a2-9a74-a5711f2dfdf0',
        1
    ),
    (
        '78-047-9866',
        'BR-345678901',
        '2014-01-07',
        56,
        'Espionage',
        'SCT-8f5cbeb8-946d-45a2-9a74-a5711f2dfdf0',
        2
    ),
    (
        '48-431-3619',
        'ES-456789012',
        '2016-10-14',
        74,
        'Insider trading',
        'SCT-8f5cbeb8-946d-45a2-9a74-a5711f2dfdf0',
        2
    ),
    (
        '30-708-1634',
        'IT-GHI34567C',
        '2000-03-26',
        65,
        'Fraud',
        'SCT-8f5cbeb8-946d-45a2-9a74-a5711f2dfdf0',
        3
    ),
    (
        '93-272-2218',
        'AU-345678912',
        '2008-03-25',
        325,
        'Identity theft',
        'SCT-8f5cbeb8-946d-45a2-9a74-a5711f2dfdf0',
        3
    ),
    (
        '82-976-1119',
        'IT-JKL90123D',
        '2015-05-20',
        37,
        'Homicide',
        'SCT-8f5cbeb8-946d-45a2-9a74-a5711f2dfdf0',
        3
    ),
    (
        '46-680-6938',
        'US-234567890',
        '2005-06-10',
        278,
        'Insider trading',
        'SCT-8f5cbeb8-946d-45a2-9a74-a5711f2dfdf0',
        4
    ),
    (
        '99-401-1282',
        'IN-456789013',
        '2019-02-21',
        285,
        'Counterfeiting',
        'SCT-8f5cbeb8-946d-45a2-9a74-a5711f2dfdf0',
        5
    ),
    (
        '56-432-9491',
        'CN-567890124',
        '2004-07-09',
        292,
        'Harassment',
        'SCT-8f5cbeb8-946d-45a2-9a74-a5711f2dfdf0',
        5
    ),
    (
        '55-277-3626',
        'ZA-678901235',
        '1994-07-22',
        15,
        'Vandalism',
        'SCT-8f5cbeb8-946d-45a2-9a74-a5711f2dfdf0',
        6
    ),
    (
        '71-174-5574',
        'IT-MNO23456E',
        '2000-06-03',
        311,
        'Espionage',
        'SCT-8f5cbeb8-946d-45a2-9a74-a5711f2dfdf0',
        6
    ),
    (
        '10-456-4494',
        'US-345678902',
        '2001-04-08',
        193,
        'Money laundering',
        'SCT-8f5cbeb8-946d-45a2-9a74-a5711f2dfdf0',
        6
    ),
    (
        '52-169-7632',
        'DE-456789013',
        '1994-06-23',
        32,
        'Assault',
        'SCT-8f5cbeb8-946d-45a2-9a74-a5711f2dfdf0',
        7
    ),
    (
        '56-502-0544',
        'JP-789012346',
        '2018-10-03',
        180,
        'Counterfeiting',
        'SCT-8f5cbeb8-946d-45a2-9a74-a5711f2dfdf0',
        7
    ),
    (
        '82-885-4760',
        'CA-345678902',
        '1996-12-14',
        106,
        'Arson',
        'SCT-6c51df3f-f94c-4194-8fd4-2160194e0cd9',
        1
    ),
    (
        '18-957-4095',
        'IT-PQR56789F',
        '2010-08-29',
        336,
        'Blackmail',
        'SCT-6c51df3f-f94c-4194-8fd4-2160194e0cd9',
        1
    ),
    (
        '95-652-1090',
        'GB-678901235',
        '2014-08-11',
        215,
        'Perjury',
        'SCT-6c51df3f-f94c-4194-8fd4-2160194e0cd9',
        2
    ),
    (
        '80-823-4362',
        'FR-345678902',
        '1994-12-28',
        211,
        'Extortion',
        'SCT-6c51df3f-f94c-4194-8fd4-2160194e0cd9',
        2
    ),
    (
        '56-920-5138',
        'BR-678901235',
        '1998-10-22',
        57,
        'Smuggling',
        'SCT-6c51df3f-f94c-4194-8fd4-2160194e0cd9',
        2
    ),
    (
        '70-236-6212',
        'US-567890124',
        '2021-04-08',
        329,
        'Manslaughter',
        'SCT-6c51df3f-f94c-4194-8fd4-2160194e0cd9',
        3
    ),
    (
        '94-189-9016',
        'AU-567890124',
        '2024-05-13',
        359,
        'Drug possession',
        'SCT-43ea64e9-4da7-4664-9fcd-0adbba6a30ce',
        1
    ),
    (
        '87-519-4678',
        'ES-678901235',
        '2000-04-03',
        50,
        'Drug possession',
        'SCT-43ea64e9-4da7-4664-9fcd-0adbba6a30ce',
        1
    ),
    (
        '20-314-6930',
        'DE-678901235',
        '1997-02-02',
        195,
        'Prostitution',
        'SCT-43ea64e9-4da7-4664-9fcd-0adbba6a30ce',
        2
    ),
    (
        '67-246-0233',
        'BR-789012346',
        '1995-06-06',
        166,
        'Drug possession',
        'SCT-1dfb25b9-d643-45b1-b25d-db8a53bef961',
        1
    ),
    -- female b1
    (
        '22-112-0638',
        'GH-345672109',
        '2001-12-01',
        39,
        'Arson',
        'SCT-fdc8350b-c31d-489b-ae98-3f3ee36e3343',
        1
    ),
    (
        '21-927-1468',
        'TZ-567894321',
        '2008-04-27',
        325,
        'Homicide',
        'SCT-fdc8350b-c31d-489b-ae98-3f3ee36e3343',
        1
    ),
    (
        '12-745-2335',
        'ZW-789016543',
        '2016-09-11',
        49,
        'Smuggling',
        'SCT-fdc8350b-c31d-489b-ae98-3f3ee36e3343',
        2
    ),
    (
        '95-153-1078',
        'FR-123456789',
        '2021-02-25',
        113,
        'Burglary',
        'SCT-fdc8350b-c31d-489b-ae98-3f3ee36e3343',
        2
    ),
    (
        '83-459-7312',
        'DE-234567890',
        '1998-11-08',
        189,
        'Kidnapping',
        'SCT-fdc8350b-c31d-489b-ae98-3f3ee36e3343',
        3
    ),
    (
        '18-777-3641',
        'GB-567890123',
        '2024-02-23',
        79,
        'Racketeering',
        'SCT-fdc8350b-c31d-489b-ae98-3f3ee36e3343',
        3
    ),
    (
        '32-441-3666',
        'JP-678901234',
        '2008-04-09',
        348,
        'Manslaughter',
        'SCT-fdc8350b-c31d-489b-ae98-3f3ee36e3343',
        3
    ),
    (
        '89-307-0469',
        'IT-DEF67890B',
        '2000-12-14',
        212,
        'Perjury',
        'SCT-fdc8350b-c31d-489b-ae98-3f3ee36e3343',
        4
    ),
    (
        '34-945-1865',
        'US-123456789',
        '2011-11-19',
        133,
        'Prostitution',
        'SCT-fdc8350b-c31d-489b-ae98-3f3ee36e3343',
        5
    ),
    (
        '82-245-7704',
        'CA-234567891',
        '1994-04-07',
        250,
        'Fraud',
        'SCT-fdc8350b-c31d-489b-ae98-3f3ee36e3343',
        5
    ),
    (
        '99-326-3310',
        'RU-345678900',
        '1990-09-05',
        130,
        'Assault',
        'SCT-fdc8350b-c31d-489b-ae98-3f3ee36e3343',
        6
    ),
    (
        '65-896-1353',
        'EG-789012346',
        '2022-05-08',
        173,
        'Extortion',
        'SCT-fdc8350b-c31d-489b-ae98-3f3ee36e3343',
        6
    ),
    (
        '73-326-3348',
        'FR-234567891',
        '1991-05-02',
        320,
        'Kidnapping',
        'SCT-fdc8350b-c31d-489b-ae98-3f3ee36e3343',
        6
    ),
    (
        '82-267-9978',
        'BR-567890124',
        '2000-07-12',
        52,
        'Identity theft',
        'SCT-fdc8350b-c31d-489b-ae98-3f3ee36e3343',
        7
    ),
    (
        '24-341-5703',
        'AU-456789013',
        '2016-08-02',
        259,
        'Carjacking',
        'SCT-fdc8350b-c31d-489b-ae98-3f3ee36e3343',
        7
    ),
    (
        '34-184-6391',
        'ES-567890124',
        '2022-01-05',
        136,
        'Kidnapping',
        'SCT-afb7d3aa-29f3-4bb4-9275-648e30beb1df',
        1
    ),
    (
        '58-890-7687',
        'US-456789013',
        '2002-06-04',
        333,
        'Blackmail',
        'SCT-afb7d3aa-29f3-4bb4-9275-648e30beb1df',
        1
    ),
    (
        '93-786-7959',
        'DE-567890124',
        '2003-03-21',
        44,
        'Manslaughter',
        'SCT-afb7d3aa-29f3-4bb4-9275-648e30beb1df',
        2
    ),
    (
        '48-779-8501',
        'JP-890123457',
        '2010-12-15',
        360,
        'Cybercrime',
        'SCT-afb7d3aa-29f3-4bb4-9275-648e30beb1df',
        2
    ),
    (
        '16-219-0866',
        'IT-STU89012G',
        '2010-05-04',
        85,
        'Vandalism',
        'SCT-afb7d3aa-29f3-4bb4-9275-648e30beb1df',
        2
    ),
    (
        '75-971-7566',
        'CA-456789013',
        '1995-11-03',
        229,
        'Harassment',
        'SCT-afb7d3aa-29f3-4bb4-9275-648e30beb1df',
        3
    ),
    (
        '78-509-3678',
        'IT-VWX12345H',
        '1997-12-01',
        318,
        'Espionage',
        'SCT-232ab27c-e7ea-4aee-b863-a7a369c609e7',
        1
    ),
    (
        '64-022-1757',
        'FR-456789013',
        '2024-11-20',
        201,
        'Stalking',
        'SCT-232ab27c-e7ea-4aee-b863-a7a369c609e7',
        1
    ),
    (
        '26-621-5306',
        'IT-YZA45678I',
        '2020-11-20',
        128,
        'Carjacking',
        'SCT-232ab27c-e7ea-4aee-b863-a7a369c609e7',
        2
    ),
    (
        '22-897-5812',
        'US-678901235',
        '2006-09-14',
        246,
        'Forgery',
        'SCT-2b1d0279-02a5-4ffa-a341-ce70af166dcc',
        1
    );

INSERT INTO `Movements`(
        `DateTime`,
        `InmateNumber`,
        `CellSectorID`,
        `CellNumber`
    )
VALUES -- male b1
    (
        '2020-03-06 12:53:22',
        '72-733-3969',
        'SCT-8f5cbeb8-946d-45a2-9a74-a5711f2dfdf0',
        1
    ),
    (
        '2000-06-05 17:25:20',
        '83-628-8300',
        'SCT-8f5cbeb8-946d-45a2-9a74-a5711f2dfdf0',
        1
    ),
    (
        '2014-01-07 20:10:38',
        '78-047-9866',
        'SCT-8f5cbeb8-946d-45a2-9a74-a5711f2dfdf0',
        2
    ),
    (
        '2016-10-14 10:01:22',
        '48-431-3619',
        'SCT-8f5cbeb8-946d-45a2-9a74-a5711f2dfdf0',
        2
    ),
    (
        '2000-03-26 17:02:36',
        '30-708-1634',
        'SCT-8f5cbeb8-946d-45a2-9a74-a5711f2dfdf0',
        3
    ),
    (
        '2008-03-25 8:42:15',
        '93-272-2218',
        'SCT-8f5cbeb8-946d-45a2-9a74-a5711f2dfdf0',
        3
    ),
    (
        '2015-05-20 11:46:36',
        '82-976-1119',
        'SCT-8f5cbeb8-946d-45a2-9a74-a5711f2dfdf0',
        3
    ),
    (
        '2005-06-10 17:20:34',
        '46-680-6938',
        'SCT-8f5cbeb8-946d-45a2-9a74-a5711f2dfdf0',
        4
    ),
    (
        '2019-02-21 18:38:29',
        '99-401-1282',
        'SCT-8f5cbeb8-946d-45a2-9a74-a5711f2dfdf0',
        5
    ),
    (
        '2004-07-09 15:11:15',
        '56-432-9491',
        'SCT-8f5cbeb8-946d-45a2-9a74-a5711f2dfdf0',
        5
    ),
    (
        '1994-07-22 19:07:44',
        '55-277-3626',
        'SCT-8f5cbeb8-946d-45a2-9a74-a5711f2dfdf0',
        6
    ),
    (
        '2000-06-03 8:04:01',
        '71-174-5574',
        'SCT-8f5cbeb8-946d-45a2-9a74-a5711f2dfdf0',
        6
    ),
    (
        '2001-04-08 6:27:30',
        '10-456-4494',
        'SCT-8f5cbeb8-946d-45a2-9a74-a5711f2dfdf0',
        6
    ),
    (
        '1994-06-23 14:20:28',
        '52-169-7632',
        'SCT-8f5cbeb8-946d-45a2-9a74-a5711f2dfdf0',
        7
    ),
    (
        '2018-10-03 16:42:17',
        '56-502-0544',
        'SCT-8f5cbeb8-946d-45a2-9a74-a5711f2dfdf0',
        7
    ),
    (
        '1996-12-14 10:13:58',
        '82-885-4760',
        'SCT-6c51df3f-f94c-4194-8fd4-2160194e0cd9',
        1
    ),
    (
        '2010-08-29 5:21:58',
        '18-957-4095',
        'SCT-6c51df3f-f94c-4194-8fd4-2160194e0cd9',
        1
    ),
    (
        '2014-08-11 15:00:02',
        '95-652-1090',
        'SCT-6c51df3f-f94c-4194-8fd4-2160194e0cd9',
        2
    ),
    (
        '1994-12-28 9:49:26',
        '80-823-4362',
        'SCT-6c51df3f-f94c-4194-8fd4-2160194e0cd9',
        2
    ),
    (
        '1998-10-22 14:32:44',
        '56-920-5138',
        'SCT-6c51df3f-f94c-4194-8fd4-2160194e0cd9',
        2
    ),
    (
        '2021-04-08 14:28:00',
        '70-236-6212',
        'SCT-6c51df3f-f94c-4194-8fd4-2160194e0cd9',
        3
    ),
    (
        '2024-05-13 18:25:30',
        '94-189-9016',
        'SCT-43ea64e9-4da7-4664-9fcd-0adbba6a30ce',
        1
    ),
    (
        '2000-04-03 21:27:16',
        '87-519-4678',
        'SCT-43ea64e9-4da7-4664-9fcd-0adbba6a30ce',
        1
    ),
    (
        '1997-02-02 13:50:39',
        '20-314-6930',
        'SCT-43ea64e9-4da7-4664-9fcd-0adbba6a30ce',
        2
    ),
    (
        '1995-06-06 10:54:57',
        '67-246-0233',
        'SCT-8f5cbeb8-946d-45a2-9a74-a5711f2dfdf0',
        8
    ),
    -- before isolation male
    (
        '1996-02-14 7:11:39',
        '67-246-0233',
        'SCT-1dfb25b9-d643-45b1-b25d-db8a53bef961',
        1
    ),
    -- isolation male
    -- female b1
    (
        '2001-12-01 17:26:11',
        '22-112-0638',
        'SCT-fdc8350b-c31d-489b-ae98-3f3ee36e3343',
        1
    ),
    (
        '2008-04-27 13:11:02',
        '21-927-1468',
        'SCT-fdc8350b-c31d-489b-ae98-3f3ee36e3343',
        1
    ),
    (
        '2016-09-11 17:38:19',
        '12-745-2335',
        'SCT-fdc8350b-c31d-489b-ae98-3f3ee36e3343',
        2
    ),
    (
        '2021-02-25 19:17:17',
        '95-153-1078',
        'SCT-fdc8350b-c31d-489b-ae98-3f3ee36e3343',
        2
    ),
    (
        '1998-11-08 7:05:49',
        '83-459-7312',
        'SCT-fdc8350b-c31d-489b-ae98-3f3ee36e3343',
        3
    ),
    (
        '2024-02-23 11:11:23',
        '18-777-3641',
        'SCT-fdc8350b-c31d-489b-ae98-3f3ee36e3343',
        3
    ),
    (
        '2008-04-09 7:02:57',
        '32-441-3666',
        'SCT-fdc8350b-c31d-489b-ae98-3f3ee36e3343',
        3
    ),
    (
        '2000-12-14 20:16:42',
        '89-307-0469',
        'SCT-fdc8350b-c31d-489b-ae98-3f3ee36e3343',
        4
    ),
    (
        '2011-11-19 17:30:01',
        '34-945-1865',
        'SCT-fdc8350b-c31d-489b-ae98-3f3ee36e3343',
        5
    ),
    (
        '1994-04-07 18:51:32',
        '82-245-7704',
        'SCT-fdc8350b-c31d-489b-ae98-3f3ee36e3343',
        5
    ),
    (
        '1990-09-05 21:53:47',
        '99-326-3310',
        'SCT-fdc8350b-c31d-489b-ae98-3f3ee36e3343',
        6
    ),
    (
        '2022-05-08 7:33:21',
        '65-896-1353',
        'SCT-fdc8350b-c31d-489b-ae98-3f3ee36e3343',
        6
    ),
    (
        '1991-05-02 9:49:05',
        '73-326-3348',
        'SCT-fdc8350b-c31d-489b-ae98-3f3ee36e3343',
        6
    ),
    (
        '2000-07-12 7:27:58',
        '82-267-9978',
        'SCT-fdc8350b-c31d-489b-ae98-3f3ee36e3343',
        7
    ),
    (
        '2016-08-02 10:11:18',
        '24-341-5703',
        'SCT-fdc8350b-c31d-489b-ae98-3f3ee36e3343',
        7
    ),
    (
        '2022-01-05 18:25:18',
        '34-184-6391',
        'SCT-afb7d3aa-29f3-4bb4-9275-648e30beb1df',
        1
    ),
    (
        '2002-06-04 16:18:41',
        '58-890-7687',
        'SCT-afb7d3aa-29f3-4bb4-9275-648e30beb1df',
        1
    ),
    (
        '2003-03-21 9:21:55',
        '93-786-7959',
        'SCT-afb7d3aa-29f3-4bb4-9275-648e30beb1df',
        2
    ),
    (
        '2010-12-15 21:15:37',
        '48-779-8501',
        'SCT-afb7d3aa-29f3-4bb4-9275-648e30beb1df',
        2
    ),
    (
        '2010-05-04 14:03:56',
        '16-219-0866',
        'SCT-afb7d3aa-29f3-4bb4-9275-648e30beb1df',
        2
    ),
    (
        '1995-11-03 6:35:53',
        '75-971-7566',
        'SCT-afb7d3aa-29f3-4bb4-9275-648e30beb1df',
        3
    ),
    (
        '1997-12-01 17:09:43',
        '78-509-3678',
        'SCT-232ab27c-e7ea-4aee-b863-a7a369c609e7',
        1
    ),
    (
        '2024-11-20 17:55:19',
        '64-022-1757',
        'SCT-232ab27c-e7ea-4aee-b863-a7a369c609e7',
        1
    ),
    (
        '2020-11-20 19:32:53',
        '26-621-5306',
        'SCT-232ab27c-e7ea-4aee-b863-a7a369c609e7',
        2
    ),
    (
        '2006-09-14 18:16:21',
        '22-897-5812',
        'SCT-fdc8350b-c31d-489b-ae98-3f3ee36e3343',
        8
    ),
    -- before isolation female
    (
        '2007-11-09 12:07:30',
        '22-897-5812',
        'SCT-2b1d0279-02a5-4ffa-a341-ce70af166dcc',
        1
    );

-- isolation female
INSERT INTO `Guests`(`DocumentID`)
VALUES ('JP-901234568'),
    ('CA-567890124'),
    ('NO-234567890'),
    ('AU-678901235');

INSERT INTO `Visits`(`InmateNumber`, `DateTime`)
VALUES ('72-733-3969', '2021-01-15 10:00:00'),
    ('72-733-3969', '2021-08-10 15:00:00'),
    ('83-628-8300', '2001-04-10 11:30:00'),
    ('22-112-0638', '2002-01-10 10:00:00'),
    ('21-927-1468', '2008-09-15 15:00:00'),
    ('12-745-2335', '2016-12-01 11:30:00');

INSERT INTO `Visitors`(
        `VisitInmateNumber`,
        `VisitDateTime`,
        `GuestDocumentID`
    )
VALUES (
        '72-733-3969',
        '2021-01-15 10:00:00',
        'JP-901234568'
    ),
    (
        '72-733-3969',
        '2021-01-15 10:00:00',
        'CA-567890124'
    ),
    (
        '72-733-3969',
        '2021-08-10 15:00:00',
        'CA-567890124'
    ),
    (
        '83-628-8300',
        '2001-04-10 11:30:00',
        'NO-234567890'
    ),
    (
        '22-112-0638',
        '2002-01-10 10:00:00',
        'AU-678901235'
    ),
    (
        '21-927-1468',
        '2008-09-15 15:00:00',
        'AU-678901235'
    ),
    (
        '21-927-1468',
        '2008-09-15 15:00:00',
        'NO-234567890'
    ),
    (
        '21-927-1468',
        '2008-09-15 15:00:00',
        'JP-901234568'
    ),
    (
        '12-745-2335',
        '2016-12-01 11:30:00',
        'NO-234567890'
    );

INSERT INTO `PersonnelTypes`(`ID`, `Name`)
VALUES (0, 'Director'),
    (1, 'Guard'),
    (2, 'Technician'),
    (3, 'Janitor'),
    (4, 'Librarian');

INSERT INTO `Personnel`(
        `ID`,
        `DocumentID`,
        `PersonnelTypeID`,
        `SectorID`
    )
VALUES -- male b1
    (
        'PER-ecee39cb-5c88-4e17-aea8-3d04eab1a411',
        'ES-789012346',
        0,
        NULL
    ),
    (
        'PER-0be1d506-df53-4348-82fb-ea9a3bcfd3aa',
        'IT-BCD23456J',
        4,
        NULL
    ),
    (
        'PER-52682313-7d4c-4842-9975-c69b90bc6df0',
        'SE-123456789',
        4,
        NULL
    ),
    (
        'PER-f788b6b2-fd80-437c-a9c2-7d0b3b1cb273',
        'FI-345678901',
        3,
        NULL
    ),
    (
        'PER-44244ae0-596c-4adc-a5d0-79a5565659a1',
        'PL-567890123',
        3,
        NULL
    ),
    (
        'PER-71a7707a-dd14-4399-9d2c-6a0e67dc262d',
        'PT-789012345',
        3,
        NULL
    ),
    (
        'PER-9a5cee1a-1b66-4ba5-86b4-44b6139f8e84',
        'CH-901234567',
        3,
        NULL
    ),
    (
        'PER-744649c9-73cf-4e1d-b7bb-f0e7a9258327',
        'BE-123450987',
        2,
        NULL
    ),
    (
        'PER-700af87f-ded6-4e23-8a51-d5d9b553445d',
        'HU-345672109',
        2,
        NULL
    ),
    (
        'PER-8c26e10c-e8bb-400f-adc7-2478edec4b85',
        'SK-567894321',
        2,
        NULL
    ),
    (
        'PER-b13327fc-9bf5-4b94-98db-57389a795034',
        'BG-789016543',
        1,
        'SCT-8f5cbeb8-946d-45a2-9a74-a5711f2dfdf0'
    ),
    (
        'PER-3e2a9969-c7a8-4668-b080-818118411238',
        'RS-901238765',
        1,
        'SCT-8f5cbeb8-946d-45a2-9a74-a5711f2dfdf0'
    ),
    (
        'PER-9f92c9ff-593e-420f-b793-3477d98ad154',
        'TR-123450987',
        1,
        'SCT-8f5cbeb8-946d-45a2-9a74-a5711f2dfdf0'
    ),
    (
        'PER-8cfd0e9d-8aa0-4b97-a225-a1a54b92c176',
        'SA-345672109',
        1,
        'SCT-8f5cbeb8-946d-45a2-9a74-a5711f2dfdf0'
    ),
    (
        'PER-48d684f2-53ab-4165-adcd-366990a039a3',
        'KR-567894321',
        1,
        'SCT-8f5cbeb8-946d-45a2-9a74-a5711f2dfdf0'
    ),
    (
        'PER-c0b86991-5e98-4d39-9f54-3f5f15edef81',
        'TH-789016543',
        1,
        'SCT-8f5cbeb8-946d-45a2-9a74-a5711f2dfdf0'
    ),
    (
        'PER-6384e8ba-5971-475b-9e7f-f01533c6b4c7',
        'ID-901238765',
        1,
        'SCT-8f5cbeb8-946d-45a2-9a74-a5711f2dfdf0'
    ),
    (
        'PER-b8da78c0-bcf9-4f7a-bfeb-e5e9f5043050',
        'VN-123450987',
        1,
        'SCT-8f5cbeb8-946d-45a2-9a74-a5711f2dfdf0'
    ),
    (
        'PER-db378a3e-ca5d-4ff7-873e-7799c1257c68',
        'MX-345672109',
        1,
        'SCT-8f5cbeb8-946d-45a2-9a74-a5711f2dfdf0'
    ),
    (
        'PER-87348924-6243-48d2-a8b4-a458a79bfef1',
        'CL-567894321',
        1,
        'SCT-8f5cbeb8-946d-45a2-9a74-a5711f2dfdf0'
    ),
    -- male b2
    (
        'PER-fc547153-1aef-4e27-bd80-3c3d0211b889',
        'US-111223333',
        1,
        'SCT-8f5cbeb8-946d-45a2-9a74-a5711f2dfdf0'
    ),
    (
        'PER-6e05e71f-554b-4ab2-9e1c-b2342cff18e5',
        'CA-222334444',
        1,
        'SCT-8f5cbeb8-946d-45a2-9a74-a5711f2dfdf0'
    ),
    (
        'PER-d8f7b4f9-8420-4e9c-9fa6-a1161f1974ee',
        'GB-333445555',
        1,
        'SCT-8f5cbeb8-946d-45a2-9a74-a5711f2dfdf0'
    ),
    (
        'PER-aca95c76-dc6d-4f95-8d02-efe249e0293b',
        'DE-444556666',
        1,
        'SCT-8f5cbeb8-946d-45a2-9a74-a5711f2dfdf0'
    ),
    (
        'PER-dbce1e62-3a81-4710-a316-93ac570b64e9',
        'FR-555667777',
        1,
        'SCT-8f5cbeb8-946d-45a2-9a74-a5711f2dfdf0'
    ),
    (
        'PER-c7379407-73fc-4ef2-9fe5-e6ac446a182c',
        'IT-666778888',
        1,
        'SCT-6c51df3f-f94c-4194-8fd4-2160194e0cd9'
    ),
    (
        'PER-275eff7d-b535-4819-a882-82ff91a114e2',
        'ES-777889999',
        1,
        'SCT-6c51df3f-f94c-4194-8fd4-2160194e0cd9'
    ),
    (
        'PER-66533c16-b0f9-4ecf-9a0d-5884a01b9882',
        'PT-888990000',
        1,
        'SCT-6c51df3f-f94c-4194-8fd4-2160194e0cd9'
    ),
    (
        'PER-15bf7fb5-2e85-4441-bc6e-fcd986823cc7',
        'NL-999001111',
        1,
        'SCT-6c51df3f-f94c-4194-8fd4-2160194e0cd9'
    ),
    (
        'PER-9cc75548-2d73-43e0-b564-75c3d5a7d6dd',
        'BE-101112131',
        1,
        'SCT-6c51df3f-f94c-4194-8fd4-2160194e0cd9'
    ),
    (
        'PER-2c5f21bd-2aa8-474c-a2a8-b46fd51486f1',
        'SE-121314151',
        1,
        'SCT-6c51df3f-f94c-4194-8fd4-2160194e0cd9'
    ),
    (
        'PER-e8fffe44-aa7c-462d-a40d-2f86d9ae5830',
        'FI-131415161',
        1,
        'SCT-6c51df3f-f94c-4194-8fd4-2160194e0cd9'
    ),
    (
        'PER-d430fa7a-8649-4a01-b01d-4a5fb708669f',
        'PL-141516171',
        1,
        'SCT-6c51df3f-f94c-4194-8fd4-2160194e0cd9'
    ),
    (
        'PER-93ab0d5f-cbfe-44f1-ac86-518863386ce7',
        'RU-151617181',
        1,
        'SCT-6c51df3f-f94c-4194-8fd4-2160194e0cd9'
    ),
    (
        'PER-3dc83a9c-f7cc-4ee8-9d07-3b1aa9befb8e',
        'UA-161718191',
        1,
        'SCT-6c51df3f-f94c-4194-8fd4-2160194e0cd9'
    ),
    (
        'PER-40da2cb4-1e76-4d58-be13-59c351537cff',
        'RO-171819202',
        1,
        'SCT-43ea64e9-4da7-4664-9fcd-0adbba6a30ce'
    ),
    (
        'PER-5975d813-3071-43e8-afa8-d21a44387a44',
        'BG-181920212',
        1,
        'SCT-43ea64e9-4da7-4664-9fcd-0adbba6a30ce'
    ),
    (
        'PER-445c30ac-720d-46ca-a208-f915ffd5b617',
        'GR-192021222',
        1,
        'SCT-43ea64e9-4da7-4664-9fcd-0adbba6a30ce'
    ),
    (
        'PER-9012cab3-e393-44c7-8587-1e8bae279f01',
        'TR-202122232',
        1,
        'SCT-43ea64e9-4da7-4664-9fcd-0adbba6a30ce'
    ),
    (
        'PER-041a4e06-8a86-48b2-959d-a04ef3bb5aa4',
        'IL-212223242',
        1,
        'SCT-43ea64e9-4da7-4664-9fcd-0adbba6a30ce'
    ),
    (
        'PER-39898012-0cfd-4e02-8cc8-b61f14c2dd97',
        'EG-222324252',
        1,
        'SCT-43ea64e9-4da7-4664-9fcd-0adbba6a30ce'
    ),
    (
        'PER-202638f2-f83f-4651-9bf3-b2b61fcac33e',
        'ZA-232425262',
        1,
        'SCT-43ea64e9-4da7-4664-9fcd-0adbba6a30ce'
    ),
    (
        'PER-e97880cd-4b61-4121-9e99-04e033fea9a6',
        'NG-242526272',
        1,
        'SCT-1dfb25b9-d643-45b1-b25d-db8a53bef961'
    ),
    (
        'PER-34c36928-cd93-4043-8739-5d5873640f5d',
        'KE-252627282',
        1,
        'SCT-1dfb25b9-d643-45b1-b25d-db8a53bef961'
    ),
    (
        'PER-39213d23-e3e0-414f-80dc-8e27824a4edc',
        'IN-262728293',
        1,
        'SCT-1dfb25b9-d643-45b1-b25d-db8a53bef961'
    ),
    -- female b1
    (
        'PER-caafd732-cf23-4f3b-82ab-58e9194c90ea',
        'DK-456789012',
        2,
        NULL
    ),
    (
        'PER-207cc7f3-cdd3-493e-b842-60c9b564ae03',
        'GR-678901234',
        4,
        NULL
    ),
    (
        'PER-e7dde97f-8a8f-4e3b-9f9c-a9ddf279c1b8',
        'IE-890123456',
        4,
        NULL
    ),
    (
        'PER-b8f6286e-7f47-47cd-82db-5ba452efa6f9',
        'AT-012345678',
        3,
        NULL
    ),
    (
        'PER-7a8399b0-6318-4dee-9c2b-6a7965d2592e',
        'NL-234561098',
        3,
        NULL
    ),
    (
        'PER-23d99887-4db8-445f-928b-a31c4cb8822f',
        'CZ-456783210',
        3,
        NULL
    ),
    (
        'PER-9a0af957-0bbb-4b97-8f6d-2d561732ebfb',
        'RO-678905432',
        3,
        NULL
    ),
    (
        'PER-d4fb89ac-249c-4710-be3c-bb8e2b4ab3e9',
        'HR-890127654',
        2,
        NULL
    ),
    (
        'PER-4e31f4d8-a46f-4dec-a482-a8d8697ab55c',
        'UA-012349876',
        2,
        NULL
    ),
    (
        'PER-79981ac5-b3fb-4ba6-b7b3-ff0b7d9e4fe5',
        'IL-234561098',
        2,
        NULL
    ),
    (
        'PER-27d00923-b17a-43fa-a544-73c0d3f5d358',
        'AE-456783210',
        1,
        'SCT-fdc8350b-c31d-489b-ae98-3f3ee36e3343'
    ),
    (
        'PER-8ca3485f-1960-4fb9-9789-92db0f605824',
        'SG-678905432',
        1,
        'SCT-fdc8350b-c31d-489b-ae98-3f3ee36e3343'
    ),
    (
        'PER-4778712f-8113-4630-a67b-59b130afa7a0',
        'MY-890127654',
        1,
        'SCT-fdc8350b-c31d-489b-ae98-3f3ee36e3343'
    ),
    (
        'PER-5c222ce0-4f29-4ad8-b298-a7c334cd089c',
        'PH-012349876',
        1,
        'SCT-fdc8350b-c31d-489b-ae98-3f3ee36e3343'
    ),
    (
        'PER-98389d59-49b6-494b-9d3e-921c750974ff',
        'NZ-234561098',
        1,
        'SCT-fdc8350b-c31d-489b-ae98-3f3ee36e3343'
    ),
    (
        'PER-6d74dc6a-f442-4483-9127-17a4b86f5266',
        'AR-456783210',
        1,
        'SCT-fdc8350b-c31d-489b-ae98-3f3ee36e3343'
    ),
    (
        'PER-346a05a9-337b-455e-9a65-313c0d3278c0',
        'CO-678905432',
        1,
        'SCT-fdc8350b-c31d-489b-ae98-3f3ee36e3343'
    ),
    (
        'PER-3a4cf916-8a6b-4a6e-a553-c618ae6b7f4f',
        'VE-890127654',
        1,
        'SCT-fdc8350b-c31d-489b-ae98-3f3ee36e3343'
    ),
    (
        'PER-4e70c73d-0eee-4fee-8558-b609c005f4d7',
        'MA-012349876',
        1,
        'SCT-fdc8350b-c31d-489b-ae98-3f3ee36e3343'
    ),
    (
        'PER-f0e89b06-42a8-4bea-ba82-5d555921cac7',
        'KE-234561098',
        1,
        'SCT-fdc8350b-c31d-489b-ae98-3f3ee36e3343'
    ),
    -- female b2
    (
        'PER-56efae6f-77b6-4768-beeb-ca8333aeeb74',
        'US-333221111',
        1,
        'SCT-fdc8350b-c31d-489b-ae98-3f3ee36e3343'
    ),
    (
        'PER-5aa0ba84-0806-43c3-81db-f8cadb896ceb',
        'CA-444332222',
        1,
        'SCT-fdc8350b-c31d-489b-ae98-3f3ee36e3343'
    ),
    (
        'PER-a514b1e0-0c57-4e27-af06-e2ac107838b4',
        'GB-555443333',
        1,
        'SCT-fdc8350b-c31d-489b-ae98-3f3ee36e3343'
    ),
    (
        'PER-77b4131b-a288-4410-b287-e62cbf3f475b',
        'DE-666554444',
        1,
        'SCT-fdc8350b-c31d-489b-ae98-3f3ee36e3343'
    ),
    (
        'PER-2d913059-dde9-43d5-935c-a66486adb095',
        'FR-777665555',
        1,
        'SCT-fdc8350b-c31d-489b-ae98-3f3ee36e3343'
    ),
    (
        'PER-cc349993-ec92-47dd-8d6b-a7069446b196',
        'IT-888776666',
        1,
        'SCT-afb7d3aa-29f3-4bb4-9275-648e30beb1df'
    ),
    (
        'PER-f3aa690e-bd63-4d1f-9426-917a0782670f',
        'ES-999887777',
        1,
        'SCT-afb7d3aa-29f3-4bb4-9275-648e30beb1df'
    ),
    (
        'PER-5fcbde84-a7c8-47f4-9eb0-3caa9f612ed0',
        'PT-000998888',
        1,
        'SCT-afb7d3aa-29f3-4bb4-9275-648e30beb1df'
    ),
    (
        'PER-cdd4e570-3a6a-49c8-910a-c0b4512358fa',
        'NL-111009999',
        1,
        'SCT-afb7d3aa-29f3-4bb4-9275-648e30beb1df'
    ),
    (
        'PER-28513974-a738-4a3d-aebb-c1172c7d7232',
        'BE-121110101',
        1,
        'SCT-afb7d3aa-29f3-4bb4-9275-648e30beb1df'
    ),
    (
        'PER-ae4ec946-4836-45d0-b6ce-4c1daa035de3',
        'SE-131211111',
        1,
        'SCT-afb7d3aa-29f3-4bb4-9275-648e30beb1df'
    ),
    (
        'PER-c272adf9-d6b9-4c05-94c6-1824fe5d13eb',
        'FI-141312121',
        1,
        'SCT-afb7d3aa-29f3-4bb4-9275-648e30beb1df'
    ),
    (
        'PER-b43687b0-ef09-4313-a1de-a81afdf06707',
        'PL-151413131',
        1,
        'SCT-afb7d3aa-29f3-4bb4-9275-648e30beb1df'
    ),
    (
        'PER-8626b673-52c6-420f-9322-14ad9066d9e0',
        'RU-161514141',
        1,
        'SCT-afb7d3aa-29f3-4bb4-9275-648e30beb1df'
    ),
    (
        'PER-b672c335-d20f-49ed-882c-c50ef255f162',
        'UA-171615151',
        1,
        'SCT-afb7d3aa-29f3-4bb4-9275-648e30beb1df'
    ),
    (
        'PER-80cc4a41-2ada-4a3c-902c-024a76c5446e',
        'RO-181716161',
        1,
        'SCT-232ab27c-e7ea-4aee-b863-a7a369c609e7'
    ),
    (
        'PER-73348923-2122-4866-a826-1f3565b3f71f',
        'BG-191817171',
        1,
        'SCT-232ab27c-e7ea-4aee-b863-a7a369c609e7'
    ),
    (
        'PER-d5666643-2d9c-44ca-87fc-a83784f7d9b0',
        'GR-201918181',
        1,
        'SCT-232ab27c-e7ea-4aee-b863-a7a369c609e7'
    ),
    (
        'PER-e0b4be2e-390f-448f-b359-8c209db2fc18',
        'TR-212019191',
        1,
        'SCT-232ab27c-e7ea-4aee-b863-a7a369c609e7'
    ),
    (
        'PER-9db6b91e-4737-4a5c-8886-43a340ad641d',
        'IL-222120202',
        1,
        'SCT-232ab27c-e7ea-4aee-b863-a7a369c609e7'
    ),
    (
        'PER-dd93ad6e-421a-4701-a754-5eaa463059c4',
        'EG-232221212',
        1,
        'SCT-232ab27c-e7ea-4aee-b863-a7a369c609e7'
    ),
    (
        'PER-cd84e85b-527e-4426-aa25-b0ec8baff40b',
        'ZA-242322222',
        1,
        'SCT-232ab27c-e7ea-4aee-b863-a7a369c609e7'
    ),
    (
        'PER-15731d01-32ed-42f7-a50e-f518dd7deb23',
        'NG-252423232',
        1,
        'SCT-2b1d0279-02a5-4ffa-a341-ce70af166dcc'
    ),
    (
        'PER-628fc228-6d43-4fa3-ac88-ba1ae61d394c',
        'KE-262524242',
        1,
        'SCT-2b1d0279-02a5-4ffa-a341-ce70af166dcc'
    ),
    (
        'PER-4a5d087d-7a99-4c5e-b19a-09403c488ba6',
        'IN-272625252',
        1,
        'SCT-2b1d0279-02a5-4ffa-a341-ce70af166dcc'
    );

INSERT INTO `DeviceTypes`(`ID`, `Name`)
VALUES (0, 'Camera'),
    (1, 'Alarm'),
    (2, 'Lock'),
    (3, 'Computer'),
    (4, 'Metal detector');

INSERT INTO `Devices`(
        `Serial`,
        `SectorID`,
        `Number`,
        `DeviceTypeID`
    )
VALUES (
        '1164422448',
        'SCT-8f5cbeb8-946d-45a2-9a74-a5711f2dfdf0',
        1,
        0
    ),
    (
        '9112003239',
        'SCT-8f5cbeb8-946d-45a2-9a74-a5711f2dfdf0',
        2,
        0
    ),
    (
        '2385928094',
        'SCT-8f5cbeb8-946d-45a2-9a74-a5711f2dfdf0',
        3,
        0
    ),
    (
        '2440430420',
        'SCT-8f5cbeb8-946d-45a2-9a74-a5711f2dfdf0',
        4,
        0
    ),
    (
        '0879924209',
        'SCT-8f5cbeb8-946d-45a2-9a74-a5711f2dfdf0',
        5,
        0
    ),
    (
        '5745415045',
        'SCT-8f5cbeb8-946d-45a2-9a74-a5711f2dfdf0',
        6,
        0
    ),
    (
        '6800458031',
        'SCT-8f5cbeb8-946d-45a2-9a74-a5711f2dfdf0',
        7,
        0
    ),
    (
        '0747089078',
        'SCT-8f5cbeb8-946d-45a2-9a74-a5711f2dfdf0',
        8,
        0
    ),
    (
        '6361168492',
        'SCT-8f5cbeb8-946d-45a2-9a74-a5711f2dfdf0',
        9,
        1
    ),
    (
        '5932547154',
        'SCT-8f5cbeb8-946d-45a2-9a74-a5711f2dfdf0',
        10,
        1
    ),
    (
        '8388215248',
        'SCT-8f5cbeb8-946d-45a2-9a74-a5711f2dfdf0',
        11,
        1
    ),
    (
        '3215784726',
        'SCT-8f5cbeb8-946d-45a2-9a74-a5711f2dfdf0',
        12,
        1
    ),
    (
        '3905159538',
        'SCT-8f5cbeb8-946d-45a2-9a74-a5711f2dfdf0',
        13,
        2
    ),
    (
        '3208707053',
        'SCT-8f5cbeb8-946d-45a2-9a74-a5711f2dfdf0',
        14,
        2
    ),
    (
        '3485807095',
        'SCT-8f5cbeb8-946d-45a2-9a74-a5711f2dfdf0',
        15,
        2
    ),
    (
        '4158000874',
        'SCT-8f5cbeb8-946d-45a2-9a74-a5711f2dfdf0',
        16,
        2
    ),
    (
        '6708576198',
        'SCT-8f5cbeb8-946d-45a2-9a74-a5711f2dfdf0',
        17,
        2
    ),
    (
        '5286125816',
        'SCT-8f5cbeb8-946d-45a2-9a74-a5711f2dfdf0',
        18,
        2
    ),
    (
        '1097388794',
        'SCT-8f5cbeb8-946d-45a2-9a74-a5711f2dfdf0',
        19,
        2
    ),
    (
        '5809646050',
        'SCT-8f5cbeb8-946d-45a2-9a74-a5711f2dfdf0',
        20,
        2
    ),
    (
        '2777950997',
        'SCT-8f5cbeb8-946d-45a2-9a74-a5711f2dfdf0',
        21,
        3
    ),
    (
        '2124067656',
        'SCT-8f5cbeb8-946d-45a2-9a74-a5711f2dfdf0',
        22,
        3
    ),
    (
        '9861544275',
        'SCT-8f5cbeb8-946d-45a2-9a74-a5711f2dfdf0',
        23,
        3
    ),
    (
        '9186054023',
        'SCT-8f5cbeb8-946d-45a2-9a74-a5711f2dfdf0',
        24,
        3
    ),
    (
        '1724472194',
        'SCT-8f5cbeb8-946d-45a2-9a74-a5711f2dfdf0',
        25,
        4
    ),
    (
        '6441598809',
        'SCT-8f5cbeb8-946d-45a2-9a74-a5711f2dfdf0',
        26,
        4
    ),
    (
        '3136183576',
        'SCT-8f5cbeb8-946d-45a2-9a74-a5711f2dfdf0',
        27,
        4
    ),
    (
        '2725542170',
        'SCT-8f5cbeb8-946d-45a2-9a74-a5711f2dfdf0',
        28,
        4
    ),
    (
        '6416424142',
        'SCT-fdc8350b-c31d-489b-ae98-3f3ee36e3343',
        1,
        0
    ),
    (
        '2957575655',
        'SCT-fdc8350b-c31d-489b-ae98-3f3ee36e3343',
        2,
        0
    ),
    (
        '3349992064',
        'SCT-fdc8350b-c31d-489b-ae98-3f3ee36e3343',
        3,
        0
    ),
    (
        '4493069244',
        'SCT-fdc8350b-c31d-489b-ae98-3f3ee36e3343',
        4,
        0
    ),
    (
        '9057610035',
        'SCT-fdc8350b-c31d-489b-ae98-3f3ee36e3343',
        5,
        0
    ),
    (
        '3089579731',
        'SCT-fdc8350b-c31d-489b-ae98-3f3ee36e3343',
        6,
        0
    ),
    (
        '1103876244',
        'SCT-fdc8350b-c31d-489b-ae98-3f3ee36e3343',
        7,
        0
    ),
    (
        '3557820602',
        'SCT-fdc8350b-c31d-489b-ae98-3f3ee36e3343',
        8,
        0
    ),
    (
        '0549395520',
        'SCT-fdc8350b-c31d-489b-ae98-3f3ee36e3343',
        9,
        1
    ),
    (
        '2061807216',
        'SCT-fdc8350b-c31d-489b-ae98-3f3ee36e3343',
        10,
        1
    ),
    (
        '8002219392',
        'SCT-fdc8350b-c31d-489b-ae98-3f3ee36e3343',
        11,
        1
    ),
    (
        '4050794977',
        'SCT-fdc8350b-c31d-489b-ae98-3f3ee36e3343',
        12,
        1
    ),
    (
        '0670542997',
        'SCT-fdc8350b-c31d-489b-ae98-3f3ee36e3343',
        13,
        2
    ),
    (
        '8724384402',
        'SCT-fdc8350b-c31d-489b-ae98-3f3ee36e3343',
        14,
        2
    ),
    (
        '0861600762',
        'SCT-fdc8350b-c31d-489b-ae98-3f3ee36e3343',
        15,
        2
    ),
    (
        '2204250007',
        'SCT-fdc8350b-c31d-489b-ae98-3f3ee36e3343',
        16,
        2
    ),
    (
        '4193076636',
        'SCT-fdc8350b-c31d-489b-ae98-3f3ee36e3343',
        17,
        2
    ),
    (
        '3946090265',
        'SCT-fdc8350b-c31d-489b-ae98-3f3ee36e3343',
        18,
        2
    ),
    (
        '5204329587',
        'SCT-fdc8350b-c31d-489b-ae98-3f3ee36e3343',
        19,
        2
    ),
    (
        '4040691326',
        'SCT-fdc8350b-c31d-489b-ae98-3f3ee36e3343',
        20,
        2
    ),
    (
        '0768094402',
        'SCT-fdc8350b-c31d-489b-ae98-3f3ee36e3343',
        21,
        3
    ),
    (
        '8967982321',
        'SCT-fdc8350b-c31d-489b-ae98-3f3ee36e3343',
        22,
        3
    ),
    (
        '9187423553',
        'SCT-fdc8350b-c31d-489b-ae98-3f3ee36e3343',
        23,
        3
    ),
    (
        '9731503692',
        'SCT-fdc8350b-c31d-489b-ae98-3f3ee36e3343',
        24,
        3
    ),
    (
        '9337789051',
        'SCT-fdc8350b-c31d-489b-ae98-3f3ee36e3343',
        25,
        4
    ),
    (
        '3276416476',
        'SCT-fdc8350b-c31d-489b-ae98-3f3ee36e3343',
        26,
        4
    ),
    (
        '1772233153',
        'SCT-fdc8350b-c31d-489b-ae98-3f3ee36e3343',
        27,
        4
    ),
    (
        '6542295968',
        'SCT-fdc8350b-c31d-489b-ae98-3f3ee36e3343',
        28,
        4
    ),
    (
        '8924457535',
        'SCT-6c51df3f-f94c-4194-8fd4-2160194e0cd9',
        1,
        0
    ),
    (
        '7114122624',
        'SCT-6c51df3f-f94c-4194-8fd4-2160194e0cd9',
        2,
        0
    ),
    (
        '4476113850',
        'SCT-6c51df3f-f94c-4194-8fd4-2160194e0cd9',
        3,
        0
    ),
    (
        '8993633932',
        'SCT-6c51df3f-f94c-4194-8fd4-2160194e0cd9',
        4,
        0
    ),
    (
        '4096063231',
        'SCT-6c51df3f-f94c-4194-8fd4-2160194e0cd9',
        5,
        0
    ),
    (
        '8850939396',
        'SCT-6c51df3f-f94c-4194-8fd4-2160194e0cd9',
        6,
        0
    ),
    (
        '9235704863',
        'SCT-6c51df3f-f94c-4194-8fd4-2160194e0cd9',
        7,
        1
    ),
    (
        '4498811143',
        'SCT-6c51df3f-f94c-4194-8fd4-2160194e0cd9',
        8,
        1
    ),
    (
        '4536249192',
        'SCT-6c51df3f-f94c-4194-8fd4-2160194e0cd9',
        9,
        1
    ),
    (
        '1411509382',
        'SCT-6c51df3f-f94c-4194-8fd4-2160194e0cd9',
        10,
        2
    ),
    (
        '9755875816',
        'SCT-6c51df3f-f94c-4194-8fd4-2160194e0cd9',
        11,
        2
    ),
    (
        '7019841597',
        'SCT-6c51df3f-f94c-4194-8fd4-2160194e0cd9',
        12,
        2
    ),
    (
        '6097890907',
        'SCT-6c51df3f-f94c-4194-8fd4-2160194e0cd9',
        13,
        2
    ),
    (
        '4586562900',
        'SCT-6c51df3f-f94c-4194-8fd4-2160194e0cd9',
        14,
        2
    ),
    (
        '9947110869',
        'SCT-6c51df3f-f94c-4194-8fd4-2160194e0cd9',
        15,
        3
    ),
    (
        '0674824881',
        'SCT-6c51df3f-f94c-4194-8fd4-2160194e0cd9',
        16,
        3
    ),
    (
        '7193783246',
        'SCT-6c51df3f-f94c-4194-8fd4-2160194e0cd9',
        17,
        3
    ),
    (
        '2326652843',
        'SCT-6c51df3f-f94c-4194-8fd4-2160194e0cd9',
        18,
        4
    ),
    (
        '6628133672',
        'SCT-6c51df3f-f94c-4194-8fd4-2160194e0cd9',
        19,
        4
    ),
    (
        '9849082798',
        'SCT-6c51df3f-f94c-4194-8fd4-2160194e0cd9',
        20,
        4
    ),
    (
        '5209914763',
        'SCT-afb7d3aa-29f3-4bb4-9275-648e30beb1df',
        1,
        0
    ),
    (
        '2188353617',
        'SCT-afb7d3aa-29f3-4bb4-9275-648e30beb1df',
        2,
        0
    ),
    (
        '5005001530',
        'SCT-afb7d3aa-29f3-4bb4-9275-648e30beb1df',
        3,
        0
    ),
    (
        '7558054621',
        'SCT-afb7d3aa-29f3-4bb4-9275-648e30beb1df',
        4,
        0
    ),
    (
        '5960448025',
        'SCT-afb7d3aa-29f3-4bb4-9275-648e30beb1df',
        5,
        0
    ),
    (
        '1862439788',
        'SCT-afb7d3aa-29f3-4bb4-9275-648e30beb1df',
        6,
        0
    ),
    (
        '5680072289',
        'SCT-afb7d3aa-29f3-4bb4-9275-648e30beb1df',
        7,
        1
    ),
    (
        '0493387269',
        'SCT-afb7d3aa-29f3-4bb4-9275-648e30beb1df',
        8,
        1
    ),
    (
        '9910122782',
        'SCT-afb7d3aa-29f3-4bb4-9275-648e30beb1df',
        9,
        1
    ),
    (
        '9822896166',
        'SCT-afb7d3aa-29f3-4bb4-9275-648e30beb1df',
        10,
        2
    ),
    (
        '9113133446',
        'SCT-afb7d3aa-29f3-4bb4-9275-648e30beb1df',
        11,
        2
    ),
    (
        '1905727380',
        'SCT-afb7d3aa-29f3-4bb4-9275-648e30beb1df',
        12,
        2
    ),
    (
        '9371710721',
        'SCT-afb7d3aa-29f3-4bb4-9275-648e30beb1df',
        13,
        2
    ),
    (
        '3055574893',
        'SCT-afb7d3aa-29f3-4bb4-9275-648e30beb1df',
        14,
        2
    ),
    (
        '8426238750',
        'SCT-afb7d3aa-29f3-4bb4-9275-648e30beb1df',
        15,
        3
    ),
    (
        '0868523895',
        'SCT-afb7d3aa-29f3-4bb4-9275-648e30beb1df',
        16,
        3
    ),
    (
        '1795127171',
        'SCT-afb7d3aa-29f3-4bb4-9275-648e30beb1df',
        17,
        3
    ),
    (
        '5887306114',
        'SCT-afb7d3aa-29f3-4bb4-9275-648e30beb1df',
        18,
        4
    ),
    (
        '2487315423',
        'SCT-afb7d3aa-29f3-4bb4-9275-648e30beb1df',
        19,
        4
    ),
    (
        '1333142633',
        'SCT-afb7d3aa-29f3-4bb4-9275-648e30beb1df',
        20,
        4
    ),
    (
        '1704410940',
        'SCT-43ea64e9-4da7-4664-9fcd-0adbba6a30ce',
        1,
        0
    ),
    (
        '0556800613',
        'SCT-43ea64e9-4da7-4664-9fcd-0adbba6a30ce',
        2,
        0
    ),
    (
        '9949636884',
        'SCT-43ea64e9-4da7-4664-9fcd-0adbba6a30ce',
        3,
        0
    ),
    (
        '7869853682',
        'SCT-43ea64e9-4da7-4664-9fcd-0adbba6a30ce',
        4,
        0
    ),
    (
        '7797678847',
        'SCT-43ea64e9-4da7-4664-9fcd-0adbba6a30ce',
        5,
        1
    ),
    (
        '1893967417',
        'SCT-43ea64e9-4da7-4664-9fcd-0adbba6a30ce',
        6,
        1
    ),
    (
        '8200463680',
        'SCT-43ea64e9-4da7-4664-9fcd-0adbba6a30ce',
        7,
        2
    ),
    (
        '3791126237',
        'SCT-43ea64e9-4da7-4664-9fcd-0adbba6a30ce',
        8,
        2
    ),
    (
        '6933516628',
        'SCT-43ea64e9-4da7-4664-9fcd-0adbba6a30ce',
        9,
        3
    ),
    (
        '5756108750',
        'SCT-43ea64e9-4da7-4664-9fcd-0adbba6a30ce',
        10,
        3
    ),
    (
        '8807236826',
        'SCT-43ea64e9-4da7-4664-9fcd-0adbba6a30ce',
        11,
        4
    ),
    (
        '3048969403',
        'SCT-43ea64e9-4da7-4664-9fcd-0adbba6a30ce',
        12,
        4
    ),
    (
        '5928525826',
        'SCT-232ab27c-e7ea-4aee-b863-a7a369c609e7',
        1,
        0
    ),
    (
        '5940788777',
        'SCT-232ab27c-e7ea-4aee-b863-a7a369c609e7',
        2,
        0
    ),
    (
        '3809398284',
        'SCT-232ab27c-e7ea-4aee-b863-a7a369c609e7',
        3,
        0
    ),
    (
        '6915361642',
        'SCT-232ab27c-e7ea-4aee-b863-a7a369c609e7',
        4,
        0
    ),
    (
        '8149973842',
        'SCT-232ab27c-e7ea-4aee-b863-a7a369c609e7',
        5,
        1
    ),
    (
        '8059448862',
        'SCT-232ab27c-e7ea-4aee-b863-a7a369c609e7',
        6,
        1
    ),
    (
        '7127889260',
        'SCT-232ab27c-e7ea-4aee-b863-a7a369c609e7',
        7,
        2
    ),
    (
        '2453944738',
        'SCT-232ab27c-e7ea-4aee-b863-a7a369c609e7',
        8,
        2
    ),
    (
        '1588162648',
        'SCT-232ab27c-e7ea-4aee-b863-a7a369c609e7',
        9,
        3
    ),
    (
        '1786335913',
        'SCT-232ab27c-e7ea-4aee-b863-a7a369c609e7',
        10,
        3
    ),
    (
        '8183287174',
        'SCT-232ab27c-e7ea-4aee-b863-a7a369c609e7',
        11,
        4
    ),
    (
        '5200117119',
        'SCT-232ab27c-e7ea-4aee-b863-a7a369c609e7',
        12,
        4
    ),
    (
        '0334141443',
        'SCT-1dfb25b9-d643-45b1-b25d-db8a53bef961',
        1,
        0
    ),
    (
        '2776023782',
        'SCT-1dfb25b9-d643-45b1-b25d-db8a53bef961',
        2,
        0
    ),
    (
        '8609186784',
        'SCT-1dfb25b9-d643-45b1-b25d-db8a53bef961',
        3,
        1
    ),
    (
        '5415383301',
        'SCT-1dfb25b9-d643-45b1-b25d-db8a53bef961',
        4,
        2
    ),
    (
        '6428945770',
        'SCT-1dfb25b9-d643-45b1-b25d-db8a53bef961',
        5,
        3
    ),
    (
        '9564806119',
        'SCT-1dfb25b9-d643-45b1-b25d-db8a53bef961',
        6,
        4
    ),
    (
        '1636200591',
        'SCT-2b1d0279-02a5-4ffa-a341-ce70af166dcc',
        1,
        0
    ),
    (
        '9323671983',
        'SCT-2b1d0279-02a5-4ffa-a341-ce70af166dcc',
        2,
        0
    ),
    (
        '7064320517',
        'SCT-2b1d0279-02a5-4ffa-a341-ce70af166dcc',
        3,
        1
    ),
    (
        '2889743527',
        'SCT-2b1d0279-02a5-4ffa-a341-ce70af166dcc',
        4,
        2
    ),
    (
        '0980789648',
        'SCT-2b1d0279-02a5-4ffa-a341-ce70af166dcc',
        5,
        3
    ),
    (
        '7080176093',
        'SCT-2b1d0279-02a5-4ffa-a341-ce70af166dcc',
        6,
        4
    );

INSERT INTO `Reports`(
        -- `ID` is auto increment
        `DateTime`,
        `Description`,
        `ResponsiblePersonnelID`
    )
VALUES (
        '2019-07-11 08:50:55',
        'Inmates escape attempt trough multiple sectors busted',
        'PER-b13327fc-9bf5-4b94-98db-57389a795034'
    ),
    (
        '2008-01-28 12:41:14',
        'Computers upgrade',
        'PER-caafd732-cf23-4f3b-82ab-58e9194c90ea'
    ),
    (
        '2018-11-21 09:01:54',
        'Library inventory check',
        'PER-207cc7f3-cdd3-493e-b842-60c9b564ae03'
    ),
    (
        '2020-03-14 10:26:10',
        'Director summary of the week',
        'PER-ecee39cb-5c88-4e17-aea8-3d04eab1a411'
    );

INSERT INTO `EngagedInmates`(`ReportID`, `InmateNumber`)
VALUES (1, '72-733-3969'),
    (1, '83-628-8300');

INSERT INTO `EngagedPersonnel`(`ReportID`, `PersonnelID`)
VALUES (1, 'PER-3e2a9969-c7a8-4668-b080-818118411238'),
    (1, 'PER-c7379407-73fc-4ef2-9fe5-e6ac446a182c');

INSERT INTO `EngagedSectors`(`ReportID`, `SectorID`)
VALUES (1, 'SCT-8f5cbeb8-946d-45a2-9a74-a5711f2dfdf0'),
    (1, 'SCT-6c51df3f-f94c-4194-8fd4-2160194e0cd9'),
    (2, 'SCT-1dfb25b9-d643-45b1-b25d-db8a53bef961'),
    (2, 'SCT-2b1d0279-02a5-4ffa-a341-ce70af166dcc'),
    (3, 'SCT-fdc8350b-c31d-489b-ae98-3f3ee36e3343');

INSERT INTO `EngagedDevices`(`ReportID`, `DeviceSerial`)
VALUES (1, '1164422448'),
    (1, '9112003239'),
    (1, '9235704863'),
    (2, '8609186784'),
    (2, '7064320517');

INSERT INTO `Couriers`(`DocumentID`)
VALUES ('PE-789016543'),
    ('DZ-901238765'),
    ('NG-123450987'),
    ('ET-456783210'),
    ('UG-678905432'),
    ('CM-890127654');

INSERT INTO `Vehicles`(`PlateNumber`, `CourierDocumentID`)
VALUES ('PLT9X7K2MJ', 'PE-789016543'),
    ('RX3T8V1NQL', 'PE-789016543'),
    ('BZ7W4K9PXM', 'DZ-901238765'),
    ('QK2J6N8TLR', 'NG-123450987'),
    ('MN5L3V7XQY', 'NG-123450987'),
    ('XE8P1R6TWK', 'NG-123450987'),
    ('CW9T2M5LQJ', 'ET-456783210'),
    ('LK4X7B8PRN', 'UG-678905432'),
    ('VJ1N9Q6WTE', 'CM-890127654');

INSERT INTO `GoodsTypes`(`ID`, `Name`)
VALUES (0, 'Food'),
    (1, 'Weapons'),
    (2, 'Medical supplies'),
    (3, 'Utensils');

INSERT INTO `Deliveries`(
        `DateTime`,
        `GoodsTypeID`,
        `Quantity`,
        `VehiclePlateNumber`
    )
VALUES ('2006-12-02 20:56:40', 0, 113, 'PLT9X7K2MJ'),
    ('2019-11-03 18:55:24', 1, 143, 'RX3T8V1NQL'),
    ('2008-09-04 06:45:26', 0, 135, 'BZ7W4K9PXM'),
    ('2020-03-28 05:38:25', 2, 71, 'PLT9X7K2MJ'),
    ('2009-08-02 13:15:45', 3, 64, 'QK2J6N8TLR'),
    ('2008-06-19 13:33:26', 2, 79, 'MN5L3V7XQY'),
    ('2018-02-15 10:23:07', 3, 115, 'XE8P1R6TWK'),
    ('2020-06-26 06:22:48', 1, 104, 'XE8P1R6TWK'),
    ('2021-10-15 02:05:27', 0, 148, 'CW9T2M5LQJ'),
    ('2010-03-31 08:05:56', 2, 100, 'LK4X7B8PRN'),
    ('2024-12-29 16:06:04', 3, 65, 'VJ1N9Q6WTE'),
    ('2009-07-09 21:16:19', 2, 143, 'CW9T2M5LQJ');

INSERT INTO `Activities`(`ID`, `Description`, `Duration`)
VALUES (
        'ACT-2220d028-ca56-473e-94c6-cd4788ce1185',
        'Reading',
        120
    ),
    (
        'ACT-2e709f52-5529-4036-8bb9-df33d2176f17',
        'Outside free time',
        90
    ),
    (
        'ACT-1f077c5c-e4bf-4131-9de1-4ec47715cfb5',
        'Exercise',
        120
    ),
    (
        'ACT-c1471994-7ba9-4ce2-a28c-a4811ba54fd1',
        'Meal time',
        90
    );

INSERT INTO `Availabilities`(`SecurityLevelID`, `ActivityID`)
VALUES (0, 'ACT-2220d028-ca56-473e-94c6-cd4788ce1185'),
    (0, 'ACT-2e709f52-5529-4036-8bb9-df33d2176f17'),
    (0, 'ACT-1f077c5c-e4bf-4131-9de1-4ec47715cfb5'),
    (0, 'ACT-c1471994-7ba9-4ce2-a28c-a4811ba54fd1'),
    (1, 'ACT-2220d028-ca56-473e-94c6-cd4788ce1185'),
    (1, 'ACT-1f077c5c-e4bf-4131-9de1-4ec47715cfb5'),
    (1, 'ACT-c1471994-7ba9-4ce2-a28c-a4811ba54fd1'),
    (2, 'ACT-c1471994-7ba9-4ce2-a28c-a4811ba54fd1');

INSERT INTO `Zones`(
        `SectorID`,
        `Number`,
        `Name`,
        `Capacity`
    )
VALUES (
        'SCT-8f5cbeb8-946d-45a2-9a74-a5711f2dfdf0',
        1,
        'Library',
        50
    ),
    (
        'SCT-8f5cbeb8-946d-45a2-9a74-a5711f2dfdf0',
        2,
        'Court',
        80
    ),
    (
        'SCT-8f5cbeb8-946d-45a2-9a74-a5711f2dfdf0',
        3,
        'Canteen',
        100
    ),
    (
        'SCT-8f5cbeb8-946d-45a2-9a74-a5711f2dfdf0',
        4,
        'Gym',
        50
    ),
    (
        'SCT-fdc8350b-c31d-489b-ae98-3f3ee36e3343',
        1,
        'Library',
        50
    ),
    (
        'SCT-fdc8350b-c31d-489b-ae98-3f3ee36e3343',
        2,
        'Court',
        80
    ),
    (
        'SCT-fdc8350b-c31d-489b-ae98-3f3ee36e3343',
        3,
        'Canteen',
        100
    ),
    (
        'SCT-fdc8350b-c31d-489b-ae98-3f3ee36e3343',
        4,
        'Gym',
        50
    ),
    (
        'SCT-6c51df3f-f94c-4194-8fd4-2160194e0cd9',
        1,
        'Library',
        30
    ),
    (
        'SCT-6c51df3f-f94c-4194-8fd4-2160194e0cd9',
        3,
        'Gym',
        30
    ),
    (
        'SCT-afb7d3aa-29f3-4bb4-9275-648e30beb1df',
        1,
        'Library',
        30
    ),
    (
        'SCT-afb7d3aa-29f3-4bb4-9275-648e30beb1df',
        3,
        'Gym',
        30
    ),
    (
        'SCT-232ab27c-e7ea-4aee-b863-a7a369c609e7',
        1,
        'Canteen',
        20
    ),
    (
        'SCT-1dfb25b9-d643-45b1-b25d-db8a53bef961',
        1,
        'Canteen',
        20
    );

-- TODO: rivedi (meglio routine identificate da zona+datetime e aggiunta tabella con settori che ci partecipano?)
INSERT INTO `Routines`(
        `SectorID`,
        `Datetime`,
        `ActivityID`,
        `ZoneSectorID`,
        `ZoneNumber`
    )
VALUES (
        'SCT-8f5cbeb8-946d-45a2-9a74-a5711f2dfdf0',
        '2015-12-05 10:00:00',
        'ACT-c1471994-7ba9-4ce2-a28c-a4811ba54fd1',
        'SCT-8f5cbeb8-946d-45a2-9a74-a5711f2dfdf0',
        1
    ),
    (
        'SCT-6c51df3f-f94c-4194-8fd4-2160194e0cd9',
        '2015-12-05 10:00:00',
        'ACT-c1471994-7ba9-4ce2-a28c-a4811ba54fd1',
        'SCT-8f5cbeb8-946d-45a2-9a74-a5711f2dfdf0',
        1
    ),
    (
        'SCT-afb7d3aa-29f3-4bb4-9275-648e30beb1df',
        '2020-03-20 15:30:00',
        'ACT-2220d028-ca56-473e-94c6-cd4788ce1185',
        'SCT-afb7d3aa-29f3-4bb4-9275-648e30beb1df',
        1
    );

INSERT INTO `Surveillances`(
        `PersonnelID`,
        `RoutineSectorID`,
        `RoutineDateTime`
    )
VALUES (
        'PER-b8da78c0-bcf9-4f7a-bfeb-e5e9f5043050',
        'SCT-8f5cbeb8-946d-45a2-9a74-a5711f2dfdf0',
        '2015-12-05 10:00:00'
    ),
    (
        'PER-db378a3e-ca5d-4ff7-873e-7799c1257c68',
        'SCT-8f5cbeb8-946d-45a2-9a74-a5711f2dfdf0',
        '2015-12-05 10:00:00'
    ),
    (
        'PER-c7379407-73fc-4ef2-9fe5-e6ac446a182c',
        'SCT-6c51df3f-f94c-4194-8fd4-2160194e0cd9',
        '2015-12-05 10:00:00'
    ),
    (
        'PER-275eff7d-b535-4819-a882-82ff91a114e2',
        'SCT-6c51df3f-f94c-4194-8fd4-2160194e0cd9',
        '2015-12-05 10:00:00'
    ),
    (
        'PER-f3aa690e-bd63-4d1f-9426-917a0782670f',
        'SCT-afb7d3aa-29f3-4bb4-9275-648e30beb1df',
        '2020-03-20 15:30:00'
    ),
    (
        'PER-5fcbde84-a7c8-47f4-9eb0-3caa9f612ed0',
        'SCT-afb7d3aa-29f3-4bb4-9275-648e30beb1df',
        '2020-03-20 15:30:00'
    );